{"1": ["Wzgórza Krzesławickie", "Jarzębiny", "Darwina", "Wiadukty", "Elektromontaż", "Zajezdnia Nowa Huta", "Kombinat", "Struga", "Plac Centralny im. R.Reagana", "Os. Kolorowe", "Rondo Czyżyńskie", "Centralna", "Rondo 308. Dywizjonu", "M1 al. Pokoju", "TAURON Arena Kraków al. Pokoju", "Plaza", "Dąbie", "Ofiar Dąbia", "Fabryczna", "Francesco Nullo", "Teatr Variété", "Rondo Grzegórzeckie", "Hala Targowa", "Starowiślna", "Poczta Główna", "Plac Wszystkich Świętych", "Filharmonia", "Jubilat", "Komorowskiego", "Salwator"], "3": ["Bratysławska", "Szpital Narutowicza", "Dworzec Towarowy", "Politechnika", "Dworzec Główny Zachód", "Teatr Słowackiego", "Poczta Główna", "Starowiślna", "Miodowa", "św. Wawrzyńca", "Plac Bohaterów Getta", "Podgórze SKA", "Cmentarz Podgórski", "Dworcowa", "Kabel", "Bieżanowska", "Wlotowa", "Prokocim", "Prokocim Szpital", "Teligi", "Nowy Prokocim", "Ćwiklińskiej"], "4": ["Wzgórza Krzesławickie", "Jarzębiny", "Darwina", "Wiadukty", "Elektromontaż", "Zajezdnia Nowa Huta", "Kombinat", "Struga", "Plac Centralny im. R.Reagana", "Os. Kolorowe", "Rondo Czyżyńskie", "Czyżyny", "Stella-Sawickiego", "AWF", "Muzeum Lotnictwa", "TAURON Arena Kraków Wieczysta", "Białucha", "Cystersów", "Rondo Mogilskie", "Lubicz", "Teatr Słowackiego", "Stary Kleparz", "Teatr Bagatela", "Batorego", "Plac Inwalidów", "Urzędnicza", "Biprostal", "Uniwersytet Pedagogiczny", "Głowackiego", "Bronowice", "Wesele", "Bronowice SKA"], "6": ["Mały Płaszów P+R", "Rzebika", "Lipska", "Dworzec Płaszów Estakada", "Dworcowa", "Cmentarz Podgórski", "Podgórze SKA", "Limanowskiego", "Korona", "Plac Wolnica", "Stradom", "Wawel", "św. Gertrudy", "Plac Wszystkich Świętych", "Filharmonia", "Uniwersytet Jagielloński", "Muzeum Narodowe", "Oleandry", "Park Jordana", "Reymana"], "8": ["Borek Fałęcki", "Borek Fałęcki I", "Solvay", "Łagiewniki SKA", "Łagiewniki", "Rzemieślnicza", "Rondo Matecznego", "Smolki", "Korona", "Plac Wolnica", "Stradom", "Wawel", "św. Gertrudy", "Plac Wszystkich Świętych", "Filharmonia", "Teatr Bagatela", "Batorego", "Plac Inwalidów", "Urzędnicza", "Biprostal", "Uniwersytet Pedagogiczny", "Głowackiego", "Bronowice", "Wesele", "Bronowice SKA"], "9": ["Mistrzejowice", "Miśnieńska", "Os. Złotego Wieku", "Rondo Piastowskie", "Dunikowskiego", "Rondo Hipokratesa", "DH Wanda", "Rondo Kocmyrzowskie im. Ks. Gorzelanego", "Os. Zgody", "Plac Centralny im. R.Reagana", "Os. Kolorowe", "Rondo Czyżyńskie", "Czyżyny", "Stella-Sawickiego", "AWF", "Muzeum Lotnictwa", "TAURON Arena Kraków Wieczysta", "Białucha", "Cystersów", "Rondo Mogilskie", "Rondo Grzegórzeckie", "Zabłocie", "Klimeckiego", "Kuklińskiego", "Gromadzka", "Lipska", "Dworzec Płaszów Estakada", "Kabel", "Bieżanowska", "Wlotowa", "Prokocim", "Prokocim Szpital", "Teligi", "Nowy Prokocim", "Ćwiklińskiej"], "10": ["Pleszów", "Koksochemia", "Meksyk", "Brama nr 5", "Giedroycia", "Brama nr 4", "Fort Mogiła", "Bardosa", "Suche Stawy", "Klasztorna", "Os. Na Skarpie", "Plac Centralny im. R.Reagana", "Os. Kolorowe", "Rondo Czyżyńskie", "Czyżyny", "Stella-Sawickiego", "AWF", "Muzeum Lotnictwa", "TAURON Arena Kraków Wieczysta", "Białucha", "Cystersów", "Rondo Mogilskie", "Lubicz", "Teatr Słowackiego", "Poczta Główna", "św. Gertrudy", "Wawel", "Stradom", "Plac Wolnica", "Korona", "Smolki", "Rondo Matecznego", "Rzemieślnicza", "Łagiewniki", "Łagiewniki ZUS", "Łagiewniki SKA", "Sanktuarium Bożego Miłosierdzia", "Turowicza"], "11": ["Mały Płaszów P+R", "Rzebika", "Lipska", "Dworzec Płaszów Estakada", "Kabel", "Bieżanowska", "Dauna", "Piaski Nowe", "Nowosądecka", "Witosa", "Kurdwanów P+R", "Kurdwanów P+R", "Turowicza", "Sanktuarium Bożego Miłosierdzia", "Łagiewniki SKA", "Łagiewniki", "Brożka", "Borsucza", "Lipińskiego", "Grota-Roweckiego", "Norymberska", "Ruczaj", "Kampus UJ", "Chmieleniec"], "13": ["Nowy Bieżanów P+R", "Ćwiklińskiej", "Nowy Prokocim", "Teligi", "Prokocim Szpital", "Prokocim", "Wlotowa", "Bieżanowska", "Kabel", "Dworcowa", "Cmentarz Podgórski", "Podgórze SKA", "Limanowskiego", "Korona", "Plac Wolnica", "Stradom", "Wawel", "św. Gertrudy", "Plac Wszystkich Świętych", "Filharmonia", "Teatr Bagatela", "Batorego", "Plac Inwalidów", "Urzędnicza", "Biprostal", "Uniwersytet Pedagogiczny", "Głowackiego"], "14": ["Mistrzejowice", "Miśnieńska", "Os. Złotego Wieku", "Rondo Piastowskie", "Dunikowskiego", "Rondo Hipokratesa", "DH Wanda", "Rondo Kocmyrzowskie im. Ks. Gorzelanego", "Os. Zgody", "Plac Centralny im. R.Reagana", "Os. Kolorowe", "Rondo Czyżyńskie", "Centralna", "Rondo 308. Dywizjonu", "M1 al. Pokoju", "TAURON Arena Kraków al. Pokoju", "Plaza", "Dąbie", "Ofiar Dąbia", "Fabryczna", "Francesco Nullo", "Teatr Variété", "Rondo Grzegórzeckie", "Rondo Mogilskie", "Lubicz", "Teatr Słowackiego", "Stary Kleparz", "Teatr Bagatela", "Batorego", "Plac Inwalidów", "Urzędnicza", "Biprostal", "Uniwersytet Pedagogiczny", "Głowackiego"], "16": ["Mistrzejowice", "Miśnieńska", "Os. Złotego Wieku", "Rondo Piastowskie", "Dunikowskiego", "Rondo Hipokratesa", "DH Wanda", "Rondo Kocmyrzowskie im. Ks. Gorzelanego", "Os. Zgody", "Plac Centralny im. R.Reagana", "Os. Na Skarpie", "Klasztorna", "Suche Stawy"], "17": ["Czerwone Maki P+R", "Chmieleniec", "Kampus UJ", "Ruczaj", "Norymberska", "Grota-Roweckiego", "Lipińskiego", "Borsucza", "Brożka", "Łagiewniki", "Łagiewniki", "Rzemieślnicza", "Rondo Matecznego", "Smolki", "Korona", "Plac Bohaterów Getta", "św. Wawrzyńca", "Miodowa", "Starowiślna", "Hala Targowa", "Rondo Grzegórzeckie", "Rondo Mogilskie", "Lubicz", "Uniwersytet Ekonomiczny", "Muzeum Fotografii"], "18": ["Czerwone Maki P+R", "Chmieleniec", "Kampus UJ", "Ruczaj", "Norymberska", "Grota-Roweckiego", "Lipińskiego", "Kobierzyńska", "Słomiana", "Kapelanka", "Szwedzka", "Rondo Grunwaldzkie", "Orzeszkowej", "Stradom", "Wawel", "św. Gertrudy", "Plac Wszystkich Świętych", "Filharmonia", "Teatr Bagatela", "Stary Kleparz", "Pędzichów", "Nowy Kleparz"], "21": ["Pleszów", "Koksochemia", "Meksyk", "Brama nr 5", "Giedroycia", "Brama nr 4", "Fort Mogiła", "Kopiec Wandy", "Kombinat", "Struga", "Plac Centralny im. R.Reagana", "Os. Zgody", "Rondo Kocmyrzowskie im. Ks. Gorzelanego", "DH Wanda", "Rondo Hipokratesa", "Dunikowskiego", "Kleeberga", "Piasta Kołodzieja"], "22": ["Borek Fałęcki", "Borek Fałęcki I", "Solvay", "Łagiewniki SKA", "Łagiewniki", "Brożka", "Borsucza", "Kobierzyńska", "Słomiana", "Kapelanka", "Szwedzka", "Rondo Grunwaldzkie", "Orzeszkowej", "Stradom", "Starowiślna", "Hala Targowa", "Rondo Grzegórzeckie", "Teatr Variété", "Francesco Nullo", "Fabryczna", "Ofiar Dąbia", "Dąbie", "Plaza", "TAURON Arena Kraków al. Pokoju", "M1 al. Pokoju", "Rondo 308. Dywizjonu", "Centralna", "Rondo Czyżyńskie", "Os. Kolorowe", "Plac Centralny im. R.Reagana", "Struga", "Kombinat"], "24": ["Kurdwanów P+R", "Witosa", "Nowosądecka", "Piaski Nowe", "Dauna", "Bieżanowska", "Kabel", "Dworcowa", "Cmentarz Podgórski", "Podgórze SKA", "Plac Bohaterów Getta", "św. Wawrzyńca", "Miodowa", "Starowiślna", "Poczta Główna", "Teatr Słowackiego", "Stary Kleparz", "Teatr Bagatela", "Batorego", "Plac Inwalidów", "Urzędnicza", "Biprostal", "Uniwersytet Pedagogiczny", "Głowackiego", "Bronowice", "Wesele", "Bronowice SKA"], "50": ["Dworzec Towarowy", "Politechnika", "Dworzec Główny Tunel", "Rondo Mogilskie", "Rondo Grzegórzeckie", "Zabłocie", "Klimeckiego", "Kuklińskiego", "Gromadzka", "Lipska", "Dworzec Płaszów Estakada", "Kabel", "Bieżanowska", "Dauna", "Piaski Nowe", "Nowosądecka", "Witosa", "Kurdwanów P+R", "Kurdwanów P+R", "Turowicza", "Sanktuarium Bożego Miłosierdzia", "Łagiewniki SKA", "Solvay", "Borek Fałęcki I"], "52": ["Czerwone Maki P+R", "Chmieleniec", "Kampus UJ", "Ruczaj", "Norymberska", "Grota-Roweckiego", "Lipińskiego", "Kobierzyńska", "Słomiana", "Kapelanka", "Szwedzka", "Rondo Grunwaldzkie", "Orzeszkowej", "Stradom", "Starowiślna", "Poczta Główna", "Teatr Słowackiego", "Lubicz", "Rondo Mogilskie", "Cystersów", "Białucha", "TAURON Arena Kraków Wieczysta", "Muzeum Lotnictwa", "AWF", "Stella-Sawickiego", "Czyżyny", "Rondo Czyżyńskie", "Os. Kolorowe", "Plac Centralny im. R.Reagana", "Os. Zgody", "Rondo Kocmyrzowskie im. Ks. Gorzelanego", "DH Wanda", "Rondo Hipokratesa", "Dunikowskiego", "Kleeberga", "Piasta Kołodzieja"]}